date,state,city,median_eighth_usd,price_sample
2026-08-01,OH,Mt Carmel,25.52,57
2026-08-01,OH,Seven Hills,28.00,59
2026-08-01,OH,Lakewood,28.00,18
2026-08-01,OH,Milford,28.60,90
2026-08-01,OH,Willoughby Hills,28.60,85
2026-08-01,OH,Harrison,28.70,20
2026-08-01,OH,Euclid,29.25,90
2026-08-01,OH,London,30.80,44
2026-08-01,OH,Norwood,30.80,42
2026-08-01,OH,Cleveland,30.80,67
2026-08-01,OH,Berea,30.80,51
2026-08-01,OH,Cincinnati,32.00,617
2026-08-01,OH,Dayton,32.00,271
2026-08-01,OH,Solon,32.00,126
2026-08-01,OH,Wickliffe,32.00,81
2026-08-01,OH,South Euclid,32.50,74
2026-08-01,OH,Sycamore Twp,32.80,80
2026-08-01,OH,Warren,32.90,80
2026-08-01,OH,Parma,32.90,55
2026-08-01,OH,Whitehall,36.00,58
2026-08-01,OH,Canton,36.00,131
2026-08-01,OH,Toledo,36.00,45
2026-08-01,OH,Columbus,36.40,1367
2026-08-01,OH,Lorain,36.40,64
2026-08-01,OH,Garfield Hts,36.80,26
2026-08-01,OH,Springfield,37.60,31
2026-08-01,OH,Middletown,37.60,23
2026-08-01,OH,Springdale,38.00,59
2026-08-01,OH,Akron,39.00,227
2026-08-01,OH,Piqua,40.00,168
2026-08-01,OH,Cleveland Hts,40.00,67
2026-08-01,OH,Westerville,40.00,82
2026-08-01,OH,Bowling Green,40.00,36
2026-08-01,OH,Painesville,40.87,119
2026-08-01,OH,Monroe,41.00,82
2026-08-01,OH,Clayton,43.00,89
2026-08-01,OH,Beavercreek,44.00,52
2026-08-01,OH,Riverside,45.50,38
2026-08-01,AZ,Kingman,15.00,149
2026-08-01,AZ,Payson,15.00,97
2026-08-01,AZ,Safford,15.00,70
2026-08-01,AZ,Cave Creek,15.50,29
2026-08-01,AZ,Prescott Valley,20.00,137
2026-08-01,AZ,Tolleson,20.00,134
2026-08-01,AZ,Sun City,20.03,84
2026-08-01,AZ,Flagstaff,21.50,100
2026-08-01,AZ,Apache Junction,25.00,241
2026-08-01,AZ,El Mirage,25.00,204
2026-08-01,AZ,Lake Havasu City,25.00,53
2026-08-01,AZ,Bullhead City,25.00,126
2026-08-01,AZ,Phoenix,26.25,3044
2026-08-01,AZ,Peoria,27.50,317
2026-08-01,AZ,Tucson,28.00,1288
2026-08-01,AZ,Glendale,30.00,538
2026-08-01,AZ,Show Low,30.00,27
2026-08-01,AZ,Mesa,30.50,1003
2026-08-01,AZ,Chandler,30.50,414
2026-08-01,AZ,Avondale,31.50,229
2026-08-01,AZ,Guadalupe,31.50,106
2026-08-01,AZ,Bisbee,32.90,131
2026-08-01,AZ,Tempe,35.00,434
2026-08-01,AZ,Scottsdale,35.00,479
2026-08-01,AZ,Buckeye,35.00,46
2026-08-01,AZ,Surprise,35.00,48
2026-08-01,AZ,Queen Creek,35.00,88
2026-08-01,AZ,Gilbert,35.00,114
2026-08-01,AZ,Sedona,35.00,66
2026-08-01,AZ,Casa Grande,36.40,171
2026-08-01,AZ,Cottonwood,36.40,163
2026-08-01,AZ,Prescott,45.50,69
2026-08-01,CO,Trinidad,18.33,185
2026-08-01,CO,Broomfield,18.51,67
2026-08-01,CO,Colorado Springs,19.95,259
2026-08-01,CO,Boulder,20.00,315
2026-08-01,CO,Westminster,20.00,16
2026-08-01,CO,Pueblo West,20.16,48
2026-08-01,CO,Edgewater,20.82,179
2026-08-01,CO,Louisville,20.99,44
2026-08-01,CO,Denver,22.47,2838
2026-08-01,CO,Lakewood,22.50,126
2026-08-01,CO,Englewood,23.69,89
2026-08-01,CO,Golden,23.89,105
2026-08-01,CO,Northglenn,24.00,201
2026-08-01,CO,Federal Heights,25.00,42
2026-08-01,CO,Commerce City,25.00,38
2026-08-01,CO,Pueblo,25.20,160
2026-08-01,CO,Aurora,25.25,502
2026-08-01,CO,Thornton,25.48,152
2026-08-01,CO,Fort Collins,28.00,69
2026-08-01,CO,Littleton,28.50,42
2026-08-01,CO,Wheat Ridge,30.00,36
2026-08-01,MI,Burr Oak,10.00,24
2026-08-01,MI,New Haven,11.50,96
2026-08-01,MI,Charlotte,12.50,173
2026-08-01,MI,Reading,13.60,112
2026-08-01,MI,Middleville,14.10,22
2026-08-01,MI,Hubbell,14.87,32
2026-08-01,MI,Burton,15.00,573
2026-08-01,MI,Saline,15.00,197
2026-08-01,MI,Birch Run,15.00,192
2026-08-01,MI,Alpena,15.00,156
2026-08-01,MI,Owosso,15.00,284
2026-08-01,MI,Caro,15.00,109
2026-08-01,MI,Haslett,15.00,47
2026-08-01,MI,Perry,15.75,69
2026-08-01,MI,Laingsburg,15.75,62
2026-08-01,MI,Sanford,16.00,28
2026-08-01,MI,East Lansing,16.00,295
2026-08-01,MI,Pentwater,16.00,61
2026-08-01,MI,Memphis,16.00,62
2026-08-01,MI,Leslie,16.00,65
2026-08-01,MI,Big Rapids,16.50,247
2026-08-01,MI,Harper Woods,17.00,133
2026-08-01,MI,Center Line,17.00,548
2026-08-01,MI,Hazel Park,17.00,751
2026-08-01,MI,Three Rivers,17.00,297
2026-08-01,MI,Muskegon Heights,17.15,169
2026-08-01,MI,Dowling,17.15,15
2026-08-01,MI,Redford Township,17.50,260
2026-08-01,MI,White Pigeon,17.50,137
2026-08-01,MI,Millington,17.50,127
2026-08-01,MI,Munising,17.50,46
2026-08-01,MI,Lapeer,17.60,677
2026-08-01,MI,Adrian,17.75,220
2026-08-01,MI,Hartford,17.85,27
2026-08-01,MI,Warren,18.00,181
2026-08-01,MI,Mt Morris,18.00,565
2026-08-01,MI,Camden,18.00,176
2026-08-01,MI,Gobles,18.00,28
2026-08-01,MI,Morenci,18.00,192
2026-08-01,MI,Dowagiac,18.01,20
2026-08-01,MI,Ecorse,18.75,270
2026-08-01,MI,Mt Pleasant,19.25,610
2026-08-01,MI,Ontonagon,19.25,28
2026-08-01,MI,Pleasant Ridge,20.00,167
2026-08-01,MI,Benton Harbor,20.00,156
2026-08-01,MI,Detroit,20.00,3088
2026-08-01,MI,New Buffalo,20.00,2427
2026-08-01,MI,Ann Arbor,20.00,731
2026-08-01,MI,Flint,20.00,349
2026-08-01,MI,Saginaw,20.00,603
2026-08-01,MI,Grand Beach,20.00,213
2026-08-01,MI,Ypsilanti,20.00,790
2026-08-01,MI,Inkster,20.00,743
2026-08-01,MI,Kalamazoo,20.00,1045
2026-08-01,MI,Monroe,20.00,1912
2026-08-01,MI,Grand Rapids,20.00,2512
2026-08-01,MI,Oxford,20.00,287
2026-08-01,MI,Lake Orion,20.00,65
2026-08-01,MI,Muskegon,20.00,589
2026-08-01,MI,Niles,20.00,118
2026-08-01,MI,Grand Haven,20.00,169
2026-08-01,MI,Vassar,20.00,193
2026-08-01,MI,Lowell,20.00,246
2026-08-01,MI,Pontiac,20.00,312
2026-08-01,MI,River Rouge,20.00,244
2026-08-01,MI,Manistee,20.00,22
2026-08-01,MI,Coldwater,20.00,479
2026-08-01,MI,Portage,20.00,221
2026-08-01,MI,Roseville,20.00,517
2026-08-01,MI,Buchanan,20.00,243
2026-08-01,MI,Ray,20.00,27
2026-08-01,MI,Kalkaska,20.00,136
2026-08-01,MI,Allegan,20.00,134
2026-08-01,MI,Holly,20.00,179
2026-08-01,MI,Cedar Springs,20.00,143
2026-08-01,MI,Traverse City,20.00,771
2026-08-01,MI,New Baltimore,20.00,420
2026-08-01,MI,Oscoda,20.00,69
2026-08-01,MI,Mancelona,20.00,100
2026-08-01,MI,Luna Pier,20.00,131
2026-08-01,MI,Constantine,20.00,65
2026-08-01,MI,Negaunee,20.00,70
2026-08-01,MI,Grant,20.00,102
2026-08-01,MI,Webberville,20.00,96
2026-08-01,MI,South Haven,20.00,27
2026-08-01,MI,Edwardsburg,20.00,15
2026-08-01,MI,Garden City,20.00,244
2026-08-01,MI,Corunna,20.00,27
2026-08-01,MI,Stanton,20.00,22
2026-08-01,MI,Flushing,20.00,62
2026-08-01,MI,Nunica,20.00,51
2026-08-01,MI,White Cloud,20.00,35
2026-08-01,MI,Cassopolis,20.50,40
2026-08-01,MI,Westland,20.99,222
2026-08-01,MI,Paw Paw,21.00,83
2026-08-01,MI,Sturgis,21.00,358
2026-08-01,MI,Sault Ste. Marie,21.00,240
2026-08-01,MI,Ironwood,21.00,228
2026-08-01,MI,Escanaba,21.00,154
2026-08-01,MI,Norway,21.00,123
2026-08-01,MI,Crystal Falls,21.00,52
2026-08-01,MI,Oakley,21.00,48
2026-08-01,MI,Houghton,21.05,220
2026-08-01,MI,Ishpeming,21.05,93
2026-08-01,MI,Marquette,22.00,61
2026-08-01,MI,Gaylord,22.25,201
2026-08-01,MI,Petoskey,22.50,129
2026-08-01,MI,Manistique,22.50,61
2026-08-01,MI,Evart,22.50,68
2026-08-01,MI,Auburn Hills,22.80,332
2026-08-01,MI,Ferndale,22.99,187
2026-08-01,MI,Iron Mountain,23.00,112
2026-08-01,MI,Hamtramck,23.50,238
2026-08-01,MI,Beulah,23.75,80
2026-08-01,MI,Waterford Twp,24.00,464
2026-08-01,MI,Tekonsha,24.00,34
2026-08-01,MI,Iron River,24.00,197
2026-08-01,MI,Menominee,24.00,158
2026-08-01,MI,Berkley,24.99,352
2026-08-01,MI,Whitmore Lake,25.00,372
2026-08-01,MI,Lansing,25.00,819
2026-08-01,MI,Romeo,25.00,679
2026-08-01,MI,Battle Creek,25.00,257
2026-08-01,MI,Ceresco,25.00,76
2026-08-01,MI,Jackson,25.00,360
2026-08-01,MI,Riverview,25.00,391
2026-08-01,MI,Coleman,25.00,33
2026-08-01,MI,Royal Oak,25.00,210
2026-08-01,MI,Davison,25.00,79
2026-08-01,MI,Taylor,25.00,117
2026-08-01,MI,Madison Heights,25.00,279
2026-08-01,MI,Utica,25.00,578
2026-08-01,MI,Cadillac,25.00,94
2026-08-01,MI,Grawn,25.00,25
2026-08-01,MI,Walled Lake,25.00,74
2026-08-01,MI,Petersburg,25.00,81
2026-08-01,MI,Bay City,25.00,166
2026-08-01,MI,Caspian,25.00,94
2026-08-01,MI,Meridian Charter Township,25.00,56
2026-08-01,MI,Saugatuck,25.00,76
2026-08-01,MI,Port Huron,25.00,118
2026-08-01,MI,Belding,25.00,19
2026-08-01,MI,Wayland,25.00,67
2026-08-01,MI,Milan,25.00,70
2026-08-01,MI,Wayne,25.00,104
2026-08-01,MI,Lawrence,25.00,16
2026-08-01,MI,Breckenridge,25.00,22
2026-08-01,MI,Quincy,25.00,17
2026-08-01,MI,Mackinaw City,26.00,68
2026-08-01,MI,Southfield,27.00,73
2026-08-01,MI,Mt Clemens,27.00,159
2026-08-01,MI,Lincoln Park,30.00,92
2026-08-01,MI,Pinconning,30.00,20
2026-08-01,MI,Houghton Lake,30.00,47
2026-08-01,MI,Belleville,32.00,33
2026-08-01,MI,Eastpointe,35.00,54
